{
  "products": [
    {
      "id": "837f",
      "productName": "sdv",
      "combinations": [
        {
          "color": "آبی کربنی",
          "size": "کوچک خیلی",
          "design": "زیپ دار",
          "productName": "sdv"
        }
      ]
    },
    {
      "id": "2e4a",
      "productName": "لباس مردانه کد 202",
      "combinations": [
        {
          "color": "آبی",
          "size": "کوچک",
          "design": "زیپ دار",
          "productName": "لباس مردانه کد 202"
        },
        {
          "productName": "لباس مردانه کد 202",
          "color": "آبی",
          "size": "کوچک",
          "design": "بدون زیپ"
        },
        {
          "color": "آبی",
          "size": "بزرگ",
          "design": "زیپ دار",
          "productName": "لباس مردانه کد 202"
        },
        {
          "productName": "لباس مردانه کد 202",
          "color": "آبی",
          "size": "بزرگ",
          "design": "بدون زیپ"
        },
        {
          "productName": "لباس مردانه کد 202",
          "color": "سبز",
          "size": "کوچک",
          "design": "زیپ دار"
        },
        {
          "productName": "لباس مردانه کد 202",
          "color": "سبز",
          "size": "کوچک",
          "design": "بدون زیپ"
        },
        {
          "productName": "لباس مردانه کد 202",
          "color": "سبز",
          "size": "بزرگ",
          "design": "زیپ دار"
        },
        {
          "productName": "لباس مردانه کد 202",
          "color": "سبز",
          "size": "بزرگ",
          "design": "بدون زیپ"
        }
      ]
    },
    {
      "id": "8139",
      "productName": "پیراهن مردانه کد 202",
      "combinations": [
        {
          "productName": "پیراهن مردانه کد 202",
          "color": "سبز",
          "size": "xl",
          "design": "تست 1"
        },
        {
          "productName": "پیراهن مردانه کد 202",
          "color": "سبز",
          "size": "xl",
          "design": "تست 2"
        }
      ]
    }
  ]
}